"ID","MapTech__FILCOLOR__C","MapTech__GYOUSEIKUBUN__C","MapTech__LAYERFILOPTICALLY__C","MapTech__LINECOLOR__C","MapTech__MAPTECHUSERID__C","MapTech__POLYGON_LATLNGINFO__C"
"a17TL0000QN5VgEYQV","000000","29nara_s.geojson","0.1","79ea2e","a1F7F00000ERV4dUAH","[
 {
  ""lat"": 39.28743157469406,
  ""lng"": 141.68796467327442
 },
 {
  ""lat"": 39.28849446521342,
  ""lng"": 141.93035053753223
 },
 {
  ""lat"": 39.28867040744405,
  ""lng"": 141.68975550575294
 }
]"
"a17TL0000QN8mhyYQB","ffffff","04miyagi_s.geojson","0","7f07b6","a1F7F00000EQvZPUA1","[
 {
  ""lat"": 39.55014428632383,
  ""lng"": 141.9478722172649
 },
 {
  ""lat"": 39.53704938037973,
  ""lng"": 141.8649028145392
 },
 {
  ""lat"": 39.520234131121896,
  ""lng"": 141.8670485817511
 },
 {
  ""lat"": 39.529833886390904,
  ""lng"": 141.9685004555304
 }
]"
"a17TL0000QND949YQD","000000","29nara_s.geojson","0.1","79ea2e","a1F7F00000ERV4dUAH","[
 {
  ""lat"": 39.375065798489366,
  ""lng"": 141.81705402874317
 },
 {
  ""lat"": 39.17946429304621,
  ""lng"": 141.82186054729786
 },
 {
  ""lat"": 39.376127357728635,
  ""lng"": 141.81568073772755
 }
]"
"a17TL0000QNDEPlYQP","000000","29nara_s.geojson","0.1","79ea2e","a1F7F00000ERV4dUAH","[
 {
  ""lat"": 39.28955733960093,
  ""lng"": 141.69414448284473
 },
 {
  ""lat"": 39.41645464671981,
  ""lng"": 141.6920845463213
 },
 {
  ""lat"": 39.28955733960093,
  ""lng"": 141.69345783733692
 }
]"
"a17TL0000QNE7rEYQT","000000","29nara_s.geojson","0.1","79ea2e","a1F7F00000ERV4dUAH","[
 {
  ""lat"": 39.37294263158613,
  ""lng"": 141.79439472698536
 },
 {
  ""lat"": 39.17831981221825,
  ""lng"": 141.80035131482
 },
 {
  ""lat"": 39.37559658012672,
  ""lng"": 141.79439472698536
 }
]"
"a17TL0000QNFSx8YQH","000000","29nara_s.geojson","0.1","79ea2e","a1F7F00000ERV4dUAH","[
 {
  ""lat"": 39.346508804119466,
  ""lng"": 141.91244982018333
 },
 {
  ""lat"": 39.20554057042796,
  ""lng"": 141.9118111088213
 },
 {
  ""lat"": 39.348256078588726,
  ""lng"": 141.91314697265625
 }
]"
"a17TL0000QNGkEUYQ1","000000","29nara_s.geojson","0.1","79ea2e","a1F7F00000ERV4dUAH","[
 {
  ""lat"": 39.411149756407845,
  ""lng"": 141.71886372112598
 },
 {
  ""lat"": 39.19915543803349,
  ""lng"": 141.72229694866505
 },
 {
  ""lat"": 39.41327176097035,
  ""lng"": 141.71817707561817
 }
]"
"a17TL0000QNH6M0YQL","000000","29nara_s.geojson","0.1","79ea2e","a1F7F00000ERV4dUAH","[
 {
  ""lat"": 39.35860956624676,
  ""lng"": 141.8630592777666
 },
 {
  ""lat"": 39.17224161119314,
  ""lng"": 141.8638288034733
 },
 {
  ""lat"": 39.360733168948336,
  ""lng"": 141.8630592777666
 }
]"
"a17TL0000QNIWIcYQP","000000","29nara_s.geojson","0.1","79ea2e","a1F7F00000ERV4dUAH","[
 {
  ""lat"": 39.40053876487608,
  ""lng"": 141.74564289593067
 },
 {
  ""lat"": 39.174288716686284,
  ""lng"": 141.74616399649577
 },
 {
  ""lat"": 39.40266109234184,
  ""lng"": 141.74495625042286
 }
]"
"a17TL0000QNIjZ0YQL","","08ibaraki_s.geojson","0","03fcca","a1FTL00000AbCnd2AF","[
 {
  ""lat"": 35.91170640370995,
  ""lng"": 140.43573327212448
 },
 {
  ""lat"": 35.908054093696364,
  ""lng"": 140.43733511343433
 },
 {
  ""lat"": 35.90491031557314,
  ""lng"": 140.43411330038114
 },
 {
  ""lat"": 35.903693669152375,
  ""lng"": 140.43163493925138
 },
 {
  ""lat"": 35.90368606467849,
  ""lng"": 140.430663979588
 },
 {
  ""lat"": 35.8933322172785,
  ""lng"": 140.4272570311991
 },
 {
  ""lat"": 35.89472285082932,
  ""lng"": 140.4529204070536
 },
 {
  ""lat"": 35.89584393247503,
  ""lng"": 140.45838045472786
 },
 {
  ""lat"": 35.90008515386866,
  ""lng"": 140.4660623013465
 },
 {
  ""lat"": 35.89996348265056,
  ""lng"": 140.47055709445925
 },
 {
  ""lat"": 35.900450166400695,
  ""lng"": 140.47491300189944
 },
 {
  ""lat"": 35.90348936638118,
  ""lng"": 140.48607388878577
 },
 {
  ""lat"": 35.90425411971761,
  ""lng"": 140.4899362697672
 },
 {
  ""lat"": 35.90811253520727,
  ""lng"": 140.49040833855383
 },
 {
  ""lat"": 35.91161108453712,
  ""lng"": 140.4813401592548
 },
 {
  ""lat"": 35.917124773865474,
  ""lng"": 140.47264884181055
 },
 {
  ""lat"": 35.92018321572585,
  ""lng"": 140.47071765131983
 },
 {
  ""lat"": 35.92638838212782,
  ""lng"": 140.45851336243044
 },
 {
  ""lat"": 35.915139429266404,
  ""lng"": 140.44864504363554
 }
]"
"a17TL0000QNJ0ziYQD","000000","29nara_s.geojson","0.1","79ea2e","a1F7F00000ERV4dUAH","[
 {
  ""lat"": 39.349583534539875,
  ""lng"": 141.88777851604786
 },
 {
  ""lat"": 39.167221070937934,
  ""lng"": 141.88846516155567
 },
 {
  ""lat"": 39.351707411610725,
  ""lng"": 141.88709187054005
 }
]"
"a17TL0000QNJ2OfYQL","ffffff","04miyagi_s.geojson","0","7f07b6","a1F7F00000EQvZPUA1","[
 {
  ""lat"": 39.52567441615958,
  ""lng"": 141.92730916138183
 },
 {
  ""lat"": 39.49739929887591,
  ""lng"": 141.93223637070724
 },
 {
  ""lat"": 39.49852522606083,
  ""lng"": 141.9836489531047
 },
 {
  ""lat"": 39.52952081473518,
  ""lng"": 141.97742626695924
 }
]"
"a17TL0000QNJ5phYQD","000000","29nara_s.geojson","0.1","79ea2e","a1F7F00000ERV4dUAH","[
 {
  ""lat"": 39.370288582162026,
  ""lng"": 141.8403999760088
 },
 {
  ""lat"": 39.177335190155496,
  ""lng"": 141.84314655804005
 },
 {
  ""lat"": 39.371881023922406,
  ""lng"": 141.8410866215166
 }
]"
"a17TL0000QNJBAAYQ5","000000","29nara_s.geojson","0.1","79ea2e","a1F7F00000ERV4dUAH","[
 {
  ""lat"": 39.39098749214354,
  ""lng"": 141.77036213421192
 },
 {
  ""lat"": 39.17950513026423,
  ""lng"": 141.7733551586051
 },
 {
  ""lat"": 39.39151815271193,
  ""lng"": 141.7696754887041
 }
]"
"a17TL0000QNKIFhYQP","","08ibaraki_s.geojson","0","03fcca","a1FTL00000AbCnd2AF","[
 {
  ""lat"": 35.89332164282858,
  ""lng"": 140.42717331042365
 },
 {
  ""lat"": 35.88784238764333,
  ""lng"": 140.42534030232895
 },
 {
  ""lat"": 35.883666191579515,
  ""lng"": 140.4284245213104
 },
 {
  ""lat"": 35.88342279848769,
  ""lng"": 140.42756621442564
 },
 {
  ""lat"": 35.87841304482831,
  ""lng"": 140.42794747330774
 },
 {
  ""lat"": 35.87734975222485,
  ""lng"": 140.42757867369394
 },
 {
  ""lat"": 35.87948241876045,
  ""lng"": 140.45930210303462
 },
 {
  ""lat"": 35.895409918531335,
  ""lng"": 140.45635333984055
 },
 {
  ""lat"": 35.89471482625004,
  ""lng"": 140.45280124078883
 }
]"
"a17TL0000QNM6ioYQD","","08ibaraki_s.geojson","0","03fcca","a1FTL00000AbCnd2AF","[
 {
  ""lat"": 35.895420269408696,
  ""lng"": 140.45638762176418
 },
 {
  ""lat"": 35.8795092848505,
  ""lng"": 140.45937109820923
 },
 {
  ""lat"": 35.880473608357086,
  ""lng"": 140.47486678760117
 },
 {
  ""lat"": 35.900126419902065,
  ""lng"": 140.4714295650376
 },
 {
  ""lat"": 35.9001438014803,
  ""lng"": 140.4661509776963
 },
 {
  ""lat"": 35.89579828811437,
  ""lng"": 140.45846913107763
 }
]"
"a17TL0000QNMDTDYQ5","","08ibaraki_s.geojson","0","03fcca","a1FTL00000AbCnd2AF","[
 {
  ""lat"": 35.900050814702674,
  ""lng"": 140.47146018540937
 },
 {
  ""lat"": 35.88050976064699,
  ""lng"": 140.47487416412105
 },
 {
  ""lat"": 35.88265956313366,
  ""lng"": 140.51013374702768
 },
 {
  ""lat"": 35.90538612559449,
  ""lng"": 140.50267319856903
 },
 {
  ""lat"": 35.907993146407605,
  ""lng"": 140.49061398683807
 },
 {
  ""lat"": 35.904243495190826,
  ""lng"": 140.48997334087557
 }
]"
"a17TL0000QNPfSvYQL","45ff42","24mie_s.geojson","0","35f500","a1F7F00000D1wlWUAR","[
 {
  ""lat"": 39.176185196598595,
  ""lng"": 141.82305550191504
 },
 {
  ""lat"": 39.147514735498916,
  ""lng"": 141.83683132741552
 },
 {
  ""lat"": 39.17616564045046,
  ""lng"": 141.8230618894351
 }
]"
"a17TL0000QNRSQkYQP","45ff42","24mie_s.geojson","0","35f500","a1F7F00000D1wlWUAR","[
 {
  ""lat"": 39.14479005713906,
  ""lng"": 141.83628685217937
 },
 {
  ""lat"": 39.11393303929353,
  ""lng"": 141.81622186313726
 },
 {
  ""lat"": 39.144800775971255,
  ""lng"": 141.83627553608915
 }
]"
"a17TL0000QNRtYMYQ1","45ff42","24mie_s.geojson","0","35f500","a1F7F00000D1wlWUAR","[
 {
  ""lat"": 39.086848611018695,
  ""lng"": 141.81340734118257
 },
 {
  ""lat"": 39.05945653663772,
  ""lng"": 141.81573983631128
 },
 {
  ""lat"": 39.08681694072942,
  ""lng"": 141.8134208046864
 }
]"
"a17TL0000QNTHxfYQH","45ff42","24mie_s.geojson","0","35f500","a1F7F00000D1wlWUAR","[
 {
  ""lat"": 39.11146379665581,
  ""lng"": 141.81102094807756
 },
 {
  ""lat"": 39.1702819034177,
  ""lng"": 141.63969039916992
 },
 {
  ""lat"": 39.1114700574771,
  ""lng"": 141.81099749111516
 }
]"
"a17TL0000QNUaLRYQ1","ffffff","04miyagi_s.geojson","0","7f07b6","a1F7F00000EQvZPUA1","[
 {
  ""lat"": 39.497673807764194,
  ""lng"": 142.00208076480135
 },
 {
  ""lat"": 39.49780627020943,
  ""lng"": 141.94757827761873
 },
 {
  ""lat"": 39.47627781072901,
  ""lng"": 141.9568479919742
 },
 {
  ""lat"": 39.477923729616414,
  ""lng"": 141.96702885604958
 },
 {
  ""lat"": 39.48230645121987,
  ""lng"": 141.97306999209627
 },
 {
  ""lat"": 39.481728832817225,
  ""lng"": 141.98489805969947
 },
 {
  ""lat"": 39.47959031523502,
  ""lng"": 142.00233825686678
 }
]"
"a17TL0000QNVD4SYQX","45ff42","24mie_s.geojson","0","35f500","a1F7F00000D1wlWUAR","[
 {
  ""lat"": 39.1299528106599,
  ""lng"": 141.7623349507731
 },
 {
  ""lat"": 39.02185103533523,
  ""lng"": 141.74766540527344
 },
 {
  ""lat"": 39.1282636236104,
  ""lng"": 141.76205125252056
 }
]"
"a17TL0000QNVfqOYQT","ffffff","29nara_s.geojson","0","d7fb93","a1FTL000007Ac1Z2AS","[
 {
  ""lat"": 35.09445171448077,
  ""lng"": 136.0735421870881
 },
 {
  ""lat"": 35.072617567960556,
  ""lng"": 136.03663765389024
 },
 {
  ""lat"": 35.07267491107497,
  ""lng"": 136.03668505639104
 }
]"
"a17TL0000QNWrrGYQT","ffffff","04miyagi_s.geojson","0","7f07b6","a1F7F00000EQvZPUA1","[
 {
  ""lat"": 39.49763143348353,
  ""lng"": 141.94682220592875
 },
 {
  ""lat"": 39.49359120518334,
  ""lng"": 141.90871338024516
 },
 {
  ""lat"": 39.47034346897174,
  ""lng"": 141.90849400652658
 },
 {
  ""lat"": 39.47178154081361,
  ""lng"": 141.9545602798462
 },
 {
  ""lat"": 39.47562385068589,
  ""lng"": 141.95698416299015
 }
]"
"a17TL0000QNWvJPYQ1","ffffff","04miyagi_s.geojson","0","7f07b6","a1F7F00000EQvZPUA1","[
 {
  ""lat"": 39.449688558390015,
  ""lng"": 141.96150234785063
 },
 {
  ""lat"": 39.43775767938106,
  ""lng"": 141.91043308820707
 },
 {
  ""lat"": 39.40562576367779,
  ""lng"": 141.92320087960536
 },
 {
  ""lat"": 39.41371620074781,
  ""lng"": 141.9643996100741
 }
]"
"a17TL0000QNXJAVYQ5","ffffff","29nara_s.geojson","0","d7fb93","a1FTL000007Ac1Z2AS","[
 {
  ""lat"": 35.095007132217596,
  ""lng"": 136.0040920340783
 },
 {
  ""lat"": 35.09521781190737,
  ""lng"": 136.0729282462365
 },
 {
  ""lat"": 35.09521781190737,
  ""lng"": 136.0729282462365
 }
]"
"a17TL0000QNY6cOYQT","ffffff","29nara_s.geojson","0","d7fb93","a1FTL000007Ac1Z2AS","[
 {
  ""lat"": 35.09492575644884,
  ""lng"": 136.0376121590457
 },
 {
  ""lat"": 35.07882319939343,
  ""lng"": 136.0375809352804
 },
 {
  ""lat"": 35.07882319939343,
  ""lng"": 136.0375809352804
 }
]"
"a17TL0000QNYo6sYQD","ffffff","04miyagi_s.geojson","0","7f07b6","a1F7F00000EQvZPUA1","[
 {
  ""lat"": 39.4716883254142,
  ""lng"": 141.95446482316953
 },
 {
  ""lat"": 39.47026380600796,
  ""lng"": 141.9085668625067
 },
 {
  ""lat"": 39.452765269603034,
  ""lng"": 141.90891394049538
 },
 {
  ""lat"": 39.45631084125718,
  ""lng"": 141.95689329535378
 },
 {
  ""lat"": 39.46131409776742,
  ""lng"": 141.95654997259987
 },
 {
  ""lat"": 39.466922903423864,
  ""lng"": 141.95343295250908
 }
]"
"a17TL0000QNYpMTYQ1","ffffff","29nara_s.geojson","0","d7fb93","a1FTL000007Ac1Z2AS","[
 {
  ""lat"": 35.07260466516207,
  ""lng"": 136.0365348526862
 },
 {
  ""lat"": 35.06424653429998,
  ""lng"": 136.02490074299251
 },
 {
  ""lat"": 35.06424653429998,
  ""lng"": 136.02490074299251
 }
]"
"a17TL0000QNYptBYQT","ffffff","29nara_s.geojson","0","d7fb93","a1FTL000007Ac1Z2AS","[
 {
  ""lat"": 35.09500403878231,
  ""lng"": 136.0400707067671
 },
 {
  ""lat"": 35.078487246178064,
  ""lng"": 136.04067152158643
 },
 {
  ""lat"": 35.078487246178064,
  ""lng"": 136.04067152158643
 }
]"
"a17TL0000QNZG6HYQX","ffffff","29nara_s.geojson","0","d7fb93","a1FTL000007Ac1Z2AS","[
 {
  ""lat"": 35.09452892227806,
  ""lng"": 136.01593356652106
 },
 {
  ""lat"": 35.05700273372647,
  ""lng"": 136.01720666596913
 },
 {
  ""lat"": 35.05700273372647,
  ""lng"": 136.01720666596913
 }
]"
"a17TL0000QNZIjCYQX","ffffff","29nara_s.geojson","0","d7fb93","a1FTL000007Ac1Z2AS","[
 {
  ""lat"": 35.09446492882631,
  ""lng"": 136.0246144010087
 },
 {
  ""lat"": 35.063156210216235,
  ""lng"": 136.02358858257242
 },
 {
  ""lat"": 35.063156210216235,
  ""lng"": 136.02358858257242
 }
]"
"a17TL0000QNZrwxYQD","ffffff","29nara_s.geojson","0","d7fb93","a1FTL000007Ac1Z2AS","[
 {
  ""lat"": 35.06419384443027,
  ""lng"": 136.02485782764828
 },
 {
  ""lat"": 35.053830688225915,
  ""lng"": 136.014419905834
 },
 {
  ""lat"": 35.053830688225915,
  ""lng"": 136.014419905834
 }
]"
"a17TL0000QNaOKjYQN","45ff42","24mie_s.geojson","0","35f500","a1F7F00000D1wlWUAR","[
 {
  ""lat"": 39.05536372090241,
  ""lng"": 141.81440259570485
 },
 {
  ""lat"": 39.042232302821304,
  ""lng"": 141.79637815112477
 },
 {
  ""lat"": 39.055239931830634,
  ""lng"": 141.81423785366616
 }
]"
"a17TL0000QNbAsxYQF","ffffff","29nara_s.geojson","0","d7fb93","a1FTL000007Ac1Z2AS","[
 {
  ""lat"": 35.094848392081595,
  ""lng"": 136.03506164915413
 },
 {
  ""lat"": 35.07268564612809,
  ""lng"": 136.03609010373646
 },
 {
  ""lat"": 35.07268564612809,
  ""lng"": 136.03609010373646
 }
]"
"a17TL0000QNbD3IYQV","ffffff","29nara_s.geojson","0","d7fb93","a1FTL000007Ac1Z2AS","[
 {
  ""lat"": 35.09316812922951,
  ""lng"": 136.0456228973694
 },
 {
  ""lat"": 35.078561673508474,
  ""lng"": 136.04613788150027
 },
 {
  ""lat"": 35.078561673508474,
  ""lng"": 136.04613788150027
 }
]"
"a17TL0000QNbD7aYQF","ffffff","29nara_s.geojson","0","d7fb93","a1FTL000007Ac1Z2AS","[
 {
  ""lat"": 35.09468176731062,
  ""lng"": 136.032568645917
 },
 {
  ""lat"": 35.070444009860665,
  ""lng"": 136.03306035279073
 },
 {
  ""lat"": 35.070444009860665,
  ""lng"": 136.03306035279073
 }
]"
"a17TL0000QNbEG3YQN","ffffff","29nara_s.geojson","0","d7fb93","a1FTL000007Ac1Z2AS","[
 {
  ""lat"": 35.09445388349774,
  ""lng"": 136.02972992957461
 },
 {
  ""lat"": 35.068223517853944,
  ""lng"": 136.03027710021365
 },
 {
  ""lat"": 35.068223517853944,
  ""lng"": 136.03027710021365
 }
]"
"a17TL0000QNbWVuYQN","ffffff","04miyagi_s.geojson","0","7f07b6","a1F7F00000EQvZPUA1","[
 {
  ""lat"": 39.45650659363833,
  ""lng"": 141.95723791730646
 },
 {
  ""lat"": 39.45273622410195,
  ""lng"": 141.9086426132084
 },
 {
  ""lat"": 39.43657070520334,
  ""lng"": 141.90611060789834
 },
 {
  ""lat"": 39.450297372760744,
  ""lng"": 141.96317462538323
 }
]"
"a17TL0000QNc6hsYQB","ffffff","29nara_s.geojson","0","d7fb93","a1FTL000007Ac1Z2AS","[
 {
  ""lat"": 35.114513570890644,
  ""lng"": 136.01087582965766
 },
 {
  ""lat"": 35.09519573767794,
  ""lng"": 136.01111186405097
 },
 {
  ""lat"": 35.09519573767794,
  ""lng"": 136.01111186405097
 }
]"
"a17TL0000QNcdXYYQZ","ffffff","29nara_s.geojson","0","d7fb93","a1FTL000007Ac1Z2AS","[
 {
  ""lat"": 35.11486790977435,
  ""lng"": 135.99432988572102
 },
 {
  ""lat"": 35.114797700199766,
  ""lng"": 136.03261037278156
 },
 {
  ""lat"": 35.114797700199766,
  ""lng"": 136.03261037278156
 }
]"
"a17TL0000QNcoL3YQJ","ffffff","29nara_s.geojson","0","d7fb93","a1FTL000007Ac1Z2AS","[
 {
  ""lat"": 35.114678119618524,
  ""lng"": 136.00659031457357
 },
 {
  ""lat"": 35.09523657329549,
  ""lng"": 136.00676677683776
 },
 {
  ""lat"": 35.09523657329549,
  ""lng"": 136.00676677683776
 }
]"
"a17TL0000QNd9CPYQZ","ffffff","29nara_s.geojson","0","d7fb93","a1FTL000007Ac1Z2AS","[
 {
  ""lat"": 35.114650792698875,
  ""lng"": 136.00857328532257
 },
 {
  ""lat"": 35.095142346606295,
  ""lng"": 136.00898205166004
 },
 {
  ""lat"": 35.095142346606295,
  ""lng"": 136.00898205166004
 }
]"
"a17TL0000QNdAd6YQF","ffffff","29nara_s.geojson","0","d7fb93","a1FTL000007Ac1Z2AS","[
 {
  ""lat"": 35.11479425469697,
  ""lng"": 136.0036831914622
 },
 {
  ""lat"": 35.10220660029641,
  ""lng"": 136.00396440510102
 },
 {
  ""lat"": 35.10220660029641,
  ""lng"": 136.00396440510102
 }
]"
"a17TL0000QNdCQqYQN","ffffff","29nara_s.geojson","0","d7fb93","a1FTL000007Ac1Z2AS","[
 {
  ""lat"": 35.11454808365864,
  ""lng"": 136.01832744957872
 },
 {
  ""lat"": 35.09921347152552,
  ""lng"": 136.01822473367275
 },
 {
  ""lat"": 35.09921347152552,
  ""lng"": 136.01822473367275
 }
]"
"a17TL0000QNdxYcYQJ","000000","","0","1fb1f9","a1FTL00000DjoHJ2AZ","[
 {
  ""lat"": 35.02629003755128,
  ""lng"": 136.10815225413825
 },
 {
  ""lat"": 35.02729160388379,
  ""lng"": 136.1098366813996
 },
 {
  ""lat"": 35.02696678088546,
  ""lng"": 136.11105534220033
 },
 {
  ""lat"": 35.02758152868975,
  ""lng"": 136.1128085689881
 },
 {
  ""lat"": 35.02676446523845,
  ""lng"": 136.11490069201972
 },
 {
  ""lat"": 35.024664662563026,
  ""lng"": 136.10887108615424
 }
]"
"a17TL0000QNeVv7YQF","ffffff","29nara_s.geojson","0","d7fb93","a1FTL000007Ac1Z2AS","[
 {
  ""lat"": 35.11475013812445,
  ""lng"": 136.01367144679313
 },
 {
  ""lat"": 35.09555602838988,
  ""lng"": 136.01355141546784
 },
 {
  ""lat"": 35.09555602838988,
  ""lng"": 136.01355141546784
 }
]"
"a17TL0000QNgPMkYQN","000000","","0","1fb1f9","a1FTL00000DjoHJ2AZ","[
 {
  ""lat"": 35.00644659152243,
  ""lng"": 136.0959268445184
 },
 {
  ""lat"": 35.012132165762026,
  ""lng"": 136.1187244501042
 },
 {
  ""lat"": 35.01297573690759,
  ""lng"": 136.120312317841
 },
 {
  ""lat"": 35.01090194224539,
  ""lng"": 136.12649212741132
 },
 {
  ""lat"": 34.99949504439787,
  ""lng"": 136.1278082690743
 },
 {
  ""lat"": 34.99480402297256,
  ""lng"": 136.11756213365862
 }
]"
"a17TL0000QNk0XqYQJ","000000","","0","1fb1f9","a1FTL00000DjoHJ2AZ","[
 {
  ""lat"": 35.02459162609934,
  ""lng"": 136.11184292171163
 },
 {
  ""lat"": 35.025382353809626,
  ""lng"": 136.11712150905294
 },
 {
  ""lat"": 35.021007006585826,
  ""lng"": 136.12009072549318
 },
 {
  ""lat"": 35.012917176391674,
  ""lng"": 136.12028526551615
 },
 {
  ""lat"": 35.01218151326365,
  ""lng"": 136.118669368016
 },
 {
  ""lat"": 35.0129547866795,
  ""lng"": 136.11540780185388
 }
]"
"a17TL0000QNl2VaYQJ","000000","","0","1fb1f9","a1FTL00000DjoHJ2AZ","[
 {
  ""lat"": 35.0209991878394,
  ""lng"": 136.12010959485025
 },
 {
  ""lat"": 35.02181448390575,
  ""lng"": 136.12315621664402
 },
 {
  ""lat"": 35.01958909531689,
  ""lng"": 136.12764970607944
 },
 {
  ""lat"": 35.01094227017913,
  ""lng"": 136.1264776026721
 },
 {
  ""lat"": 35.01294576659034,
  ""lng"": 136.1202977931018
 }
]"
"a17TL0000QNlJeRYQV","000000","","0","1fb1f9","a1FTL00000DjoHJ2AZ","[
 {
  ""lat"": 34.99478841669682,
  ""lng"": 136.11759140223333
 },
 {
  ""lat"": 34.994275269755256,
  ""lng"": 136.12334064439813
 },
 {
  ""lat"": 34.98560300668683,
  ""lng"": 136.1233562866681
 },
 {
  ""lat"": 34.99252685848107,
  ""lng"": 136.11322327594266
 }
]"